<?xml version="1.0" encoding="utf-8"?>
<databaseChangeLog
    xmlns="http://www.liquibase.org/xml/ns/dbchangelog"
    xmlns:xsi="http://www.w3.org/2001/XMLSchema-instance"
    xsi:schemaLocation="http://www.liquibase.org/xml/ns/dbchangelog http://www.liquibase.org/xml/ns/dbchangelog/dbchangelog-latest.xsd">
    <property name="now" value="current_timestamp" dbms="postgresql"/>
    <property name="floatType" value="float4" dbms="postgresql"/>
    <property name="clobType" value="clob" dbms="postgresql"/>
    <property name="blobType" value="blob" dbms="postgresql"/>
    <property name="uuidType" value="uuid" dbms="postgresql"/>
    <property name="datetimeType" value="datetime" dbms="postgresql"/>

    <include file="config/liquibase/changelog/00000000000000_initial_schema.xml" relativeToChangelogFile="false"/>
    <include file="config/liquibase/changelog/20230920082202_added_entity_Customer.xml" relativeToChangelogFile="false"/>
    <include file="config/liquibase/changelog/20230920082203_added_entity_Invoice.xml" relativeToChangelogFile="false"/>
    <include file="config/liquibase/changelog/20230920082204_added_entity_OrderItem.xml" relativeToChangelogFile="false"/>
    <include file="config/liquibase/changelog/20230920082205_added_entity_Product.xml" relativeToChangelogFile="false"/>
    <include file="config/liquibase/changelog/20230920082206_added_entity_ProductCategory.xml" relativeToChangelogFile="false"/>
    <include file="config/liquibase/changelog/20230920082207_added_entity_ProductOrder.xml" relativeToChangelogFile="false"/>
    <include file="config/liquibase/changelog/20230920082208_added_entity_Shipment.xml" relativeToChangelogFile="false"/>
    <!-- jhipster-needle-liquibase-add-changelog - JHipster will add liquibase changelogs here -->
    <include file="config/liquibase/changelog/20230920082202_added_entity_constraints_Customer.xml" relativeToChangelogFile="false"/>
    <include file="config/liquibase/changelog/20230920082203_added_entity_constraints_Invoice.xml" relativeToChangelogFile="false"/>
    <include file="config/liquibase/changelog/20230920082204_added_entity_constraints_OrderItem.xml" relativeToChangelogFile="false"/>
    <include file="config/liquibase/changelog/20230920082205_added_entity_constraints_Product.xml" relativeToChangelogFile="false"/>
    <include file="config/liquibase/changelog/20230920082207_added_entity_constraints_ProductOrder.xml" relativeToChangelogFile="false"/>
    <include file="config/liquibase/changelog/20230920082208_added_entity_constraints_Shipment.xml" relativeToChangelogFile="false"/>
    <!-- jhipster-needle-liquibase-add-constraints-changelog - JHipster will add liquibase constraints changelogs here -->
    <!-- jhipster-needle-liquibase-add-incremental-changelog - JHipster will add incremental liquibase changelogs here -->
</databaseChangeLog>
