{
  "generator-jhipster": {
    "applicationIndex": 0,
    "applicationType": "monolith",
    "authenticationType": "oauth2",
    "baseName": "jhipsterstore",
    "buildTool": "maven",
    "cacheProvider": "ehcache",
    "clientFramework": "angular",
    "clientPackageManager": "npm",
    "clientTheme": "cosmo",
    "clientThemeVariant": "primary",
    "creationTimestamp": 1695148973192,
    "cypressAudit": false,
    "cypressCoverage": false,
    "databaseType": "sql",
    "devDatabaseType": "postgresql",
    "devServerPort": 4200,
    "dtoSuffix": "DTO",
    "enableGradleEnterprise": null,
    "enableHibernateCache": false,
    "enableSwaggerCodegen": true,
    "enableTranslation": true,
    "entities": ["Customer", "Invoice", "OrderItem", "Product", "ProductCategory", "ProductOrder", "Shipment"],
    "entitySuffix": "",
    "gradleEnterpriseHost": null,
    "jhiPrefix": "jhi",
    "jhipsterVersion": "8.0.0-beta.2",
    "languages": ["en", "fr", "pt-pt"],
    "lastLiquibaseTimestamp": 1695198128000,
    "messageBroker": false,
    "microfrontend": false,
    "microfrontends": [],
    "monorepository": true,
    "nativeLanguage": "en",
    "packageFolder": "com/jhipsterstore/app",
    "packageName": "com.jhipsterstore.app",
    "pages": [],
    "prodDatabaseType": "postgresql",
    "reactive": false,
    "searchEngine": false,
    "serverPort": "8080",
    "serverSideOptions": [],
    "serviceDiscoveryType": false,
    "skipCheckLengthOfIdentifier": false,
    "skipClient": false,
    "skipCommitHook": true,
    "skipFakeData": false,
    "skipUserManagement": true,
    "testFrameworks": ["cypress"],
    "websocket": false,
    "withAdminUi": true
  }
}
