<?xml version="1.0" encoding="utf-8"?>
<databaseChangeLog
    xmlns="http://www.liquibase.org/xml/ns/dbchangelog"
    xmlns:ext="http://www.liquibase.org/xml/ns/dbchangelog-ext"
    xmlns:xsi="http://www.w3.org/2001/XMLSchema-instance"
    xsi:schemaLocation="http://www.liquibase.org/xml/ns/dbchangelog http://www.liquibase.org/xml/ns/dbchangelog/dbchangelog-latest.xsd
                        http://www.liquibase.org/xml/ns/dbchangelog-ext http://www.liquibase.org/xml/ns/dbchangelog/dbchangelog-ext.xsd">

    <!--
        Added the entity Shipment.
    -->
    <changeSet id="20230920082208-1" author="jhipster">
        <createTable tableName="shipment">
            <column name="id" type="bigint">
                <constraints primaryKey="true" nullable="false"/>
            </column>
            <column name="tracking_code" type="varchar(255)">
                <constraints nullable="true" />
            </column>
            <column name="date" type="${datetimeType}">
                <constraints nullable="false" />
            </column>
            <column name="details" type="varchar(255)">
                <constraints nullable="true" />
            </column>
            <column name="invoice_id" type="bigint">
                <constraints nullable="false" />
            </column>
            <!-- jhipster-needle-liquibase-add-column - JHipster will add columns here -->
        </createTable>
        <dropDefaultValue tableName="shipment" columnName="date" columnDataType="${datetimeType}"/>
    </changeSet>

    <!-- jhipster-needle-liquibase-add-changeset - JHipster will add changesets here -->

    <!--
        Load sample data generated with Faker.js
        - This data can be easily edited using a CSV editor (or even MS Excel) and
          is located in the 'src/main/resources/config/liquibase/fake-data' directory
        - By default this data is applied when running with the JHipster 'dev' profile.
          This can be customized by adding or removing 'faker' in the 'spring.liquibase.contexts'
          Spring Boot configuration key.
    -->
    <changeSet id="20230920082208-1-data" author="jhipster" context="faker">
        <loadData
                  file="config/liquibase/fake-data/shipment.csv"
                  separator=";"
                  tableName="shipment"
                  usePreparedStatements="true">
            <column name="id" type="numeric"/>
            <column name="tracking_code" type="string"/>
            <column name="date" type="date"/>
            <column name="details" type="string"/>
            <column name="invoice_id" type="numeric"/>
            <!-- jhipster-needle-liquibase-add-loadcolumn - JHipster (and/or extensions) can add load columns here -->
        </loadData>
    </changeSet>
</databaseChangeLog>
