id;date;details;status;payment_method;payment_date;payment_amount;code;order_id
1;2023-09-19T16:41:18;accusamus Road;CANCELLED;CREDIT_CARD;2023-09-19T22:25:26;1738;Chicken Games Coupe;1
2;2023-09-19T09:32:12;contingency;ISSUED;CREDIT_CARD;2023-09-19T10:27:17;23543;untimely fluid;2
3;2023-09-19T18:39:04;Loan;PAID;PAYPAL;2023-09-19T22:07:20;17966;Argon;3
4;2023-09-19T21:19:17;shackle;CANCELLED;PAYPAL;2023-09-19T20:38:05;26534;driver;4
5;2023-09-20T03:59:49;Rolls;CANCELLED;CASH_ON_DELIVERY;2023-09-20T01:22:06;1879;B2B Van deploy;5
6;2023-09-20T03:40:25;Accountability Cab;PAID;PAYPAL;2023-09-19T17:52:14;4147;Krone blue;6
7;2023-09-20T01:13:44;neural Southeast;PAID;PAYPAL;2023-09-19T09:36:36;32671;programming Congolese;7
8;2023-09-19T16:23:21;efficient until er;CANCELLED;CASH_ON_DELIVERY;2023-09-19T16:13:41;23148;Home Kiribati;8
9;2023-09-19T16:04:52;Bicycle South Tricycle;ISSUED;CREDIT_CARD;2023-09-19T18:57:33;22178;Massachusetts hic;9
10;2023-09-20T04:39:36;success;ISSUED;PAYPAL;2023-09-19T17:18:53;20093;Savings payment;10
