id;name;description;price;image;image_content_type
1;strategize Horizontal;vitality;28339;../fake-data/blob/hipster.png;image/png
2;itemize Direct South;carom watt Chad;25352;../fake-data/blob/hipster.png;image/png
3;admire Northwest;Garden finished National;6513;../fake-data/blob/hipster.png;image/png
4;invoice;Lamont;5442;../fake-data/blob/hipster.png;image/png
5;Cambridgeshire green streamline;Quality Analyst blue;9836;../fake-data/blob/hipster.png;image/png
6;Gender as;Avon hourly;16407;../fake-data/blob/hipster.png;image/png
7;plum scalable;nonconforming MTF;17158;../fake-data/blob/hipster.png;image/png
8;Money;Bedfordshire;30339;../fake-data/blob/hipster.png;image/png
9;hacking Bacon;South;1307;../fake-data/blob/hipster.png;image/png
10;acidly;Latin;31786;../fake-data/blob/hipster.png;image/png
