id;tracking_code;date;details;invoice_id
1;Account;2023-09-19T17:35:52;at Metal Ball;1
2;Pula withdrawal fuchsia;2023-09-20T08:15:04;Account;2
3;Administrator;2023-09-19T17:59:23;male;3
4;Stage Vista;2023-09-19T21:32:25;Dollar Gennaro;4
5;West;2023-09-20T05:42:00;architectures;5
6;payment;2023-09-19T21:51:51;collaborative Hop klap;6
7;Architect optical Bronze;2023-09-19T22:38:13;East Mobility Southwest;7
8;Northeast Integrated;2023-09-19T23:10:27;duh;8
9;Trans Analyst;2023-09-20T02:30:30;Coupe protocol;9
10;brr invoice;2023-09-19T10:12:10;indigo;10
